ID,FIRST_NAME,LAST_NAME,AGE
1,Everard,Kilday,87
2,Odele,Risbie,28
3,Lorenzo,McGlue,87
4,Pierre,Cogswell,50
5,Vernice,O'Deoran,58
6,Lezlie,Buffey,38
7,Maisey,Rickerd,83
8,Leicester,Foulkes,22
9,Sallie,Cossans,30
10,Robin,Janca,94
11,Vivyanne,Cattini,29
12,Sheridan,Liver,99
13,Meggy,Blincow,56
14,Glendon,Cheley,24
15,Symon,Epinay,51
16,Paola,Goomes,29
17,Babara,Novakovic,64
18,Lotti,Minithorpe,85
19,Ambrosius,Jindra,98
20,Berke,Runnett,78
21,Clemmie,Cicci,76
22,Tymothy,Hassall,87
23,Ardisj,Tomkiss,93
24,Hildegaard,Loy,21
25,Brent,Doore,99
26,Raphaela,Colbertson,51
27,Harlene,Tennick,21
28,Alister,Loveitt,13
29,Augustina,Kevlin,76
30,Edgar,Elrick,47
31,Sherri,Larciere,38
32,Gay,Shelton,78
33,Maxine,Jerzycowski,48
34,Jamison,Nenci,40
35,Guthrey,Youde,71
36,Allissa,Aggio,18
37,Roxi,Saladine,31
38,Sara,Fetherston,83
39,Lancelot,Andreopolos,16
40,Wilmer,Dive,65
41,Stafani,Darwood,85
42,Dugald,Oki,16
43,Devi,Arnould,95
44,Shandra,MacGinlay,77
45,Elonore,Sola,35
46,Paulo,Penkethman,37
47,Cristina,Slyne,76
48,Audry,Antoni,49
49,Beatriz,Kinneir,67
50,Alyson,Proswell,33
51,Norrie,Phoebe,67
52,Blane,Coupe,93
53,Lura,Goligly,17
54,Isa,Moxson,38
55,Andria,Burnip,63
56,Tildy,Giuroni,47
57,Dacey,Ambrose,94
58,Dre,Sego,13
59,Sabine,Verzey,43
60,Alys,Hindge,36
61,Ulla,Chillcot,86
62,Ruprecht,Lambis,14
63,Inna,Hencke,19
64,Jaquenetta,Borthe,55
65,Shandra,Castilla,58
66,Micheal,McGreal,90
67,Shelley,Ravilus,46
68,Lynnell,Bennell,17
69,Blinni,Ogilvy,54
70,Theodor,Sealeaf,47
71,Janaye,Crittal,36
72,Janette,Caudell,50
73,Lissi,Gaspero,26
74,Otis,Vogeller,86
75,Corey,Ferres,82
76,Emanuel,Jeskin,85
77,Gage,Deverill,99
78,Lucine,Considine,86
79,Filbert,De Bruin,45
80,Ezekiel,Flood,52
81,Tannie,Joyner,58
82,Franklyn,Talmadge,47
83,Amitie,Ogilvie,22
84,Morton,Goldstraw,25
85,Tressa,Hollingsby,65
86,Maribeth,Treacy,13
87,Laura,Deroche,64
88,Aubry,Zellmer,73
89,Sherm,Horrell,19
90,Dannie,Dumbrall,36
91,Issie,Castellan,44
92,Jonah,Vickar,16
93,Gun,Macak,82
94,Aggie,Gingles,58
95,Timothee,Leith,45
96,Heinrik,Bernardy,93
97,Jean,Khotler,72
98,Chevy,Kaygill,51
99,Ham,Durnian,14
100,Lana,Cordeiro,95
101,Wendye,Bote,56
102,Sal,Belch,82
103,Vincenty,Andrzejczak,39
104,Sharon,Gannon,84
105,Binky,Gabe,25
106,Gabriello,Pollitt,72
107,Desiree,Cranny,54
108,Freddy,Petroff,98
109,Nikolos,Kunneke,14
110,Martita,Bamlet,65
111,Tarrah,Rourke,53
112,Mateo,Daubeny,70
113,Lotte,Blackall,80
114,Alberto,Rule,42
115,Faunie,Sandcraft,98
116,Maible,Celand,32
117,Adelaide,McMenamy,96
118,Constancy,Rontree,35
119,Penrod,Murfin,85
120,Emlen,Ferriby,90
121,Sherwood,Girt,19
122,Nobie,Goggan,83
123,Ninetta,Godridge,31
124,Jaime,Full,16
125,Amie,Cobson,33
126,Britt,Seatter,78
127,Janine,O'Malley,66
128,Leelah,Perford,81
129,Lettie,Pellew,88
130,Adriane,Girardez,40
131,Elianore,Longhirst,57
132,Erek,Quimby,98
133,Eilis,Olman,20
134,Thorvald,Athridge,91
135,Aleta,Irons,52
136,Etty,Matthewson,44
137,Dacy,Kynton,37
138,Faythe,Kenshole,18
139,Valma,Rentoul,98
140,Hiram,Ikringill,36
141,Bernete,Carey,57
142,Viki,Ralls,98
143,Franny,Markushkin,82
144,Randell,Dickinson,49
145,Maximilian,Leguey,95
146,Silvan,Colquitt,32
147,Englebert,Moorfield,85
148,Berna,Lobbe,88
149,Gweneth,O'Doogan,42
150,Aliza,Jarman,64
