ID,USER_ID,ADDRESS
1,1,69254 Fulton Terrace
2,2,6 Manufacturers Drive
3,3,252 Swallow Crossing
4,4,52992 Badeau Junction
5,5,93 Northfield Street
6,6,6 Bay Parkway
7,7,1049 Colorado Road
8,8,145 Cherokee Court
9,9,2 Oak Valley Circle
10,10,4 Elgar Circle
11,11,07 Bashford Plaza
12,12,39870 Macpherson Plaza
13,13,64590 Lerdahl Drive
14,14,0 Erie Way
15,15,1 Jenifer Plaza
16,16,04310 Lighthouse Bay Drive
17,17,0 Rusk Hill
18,18,757 Southridge Court
19,19,06224 5th Lane
20,20,40019 Bowman Plaza
21,21,18484 Talisman Place
22,22,21950 Anthes Circle
23,23,14 Dahle Place
24,24,09943 Mosinee Plaza
25,25,98121 Hagan Trail
26,26,8135 Oak Valley Terrace
27,27,2929 Bartelt Pass
28,28,10401 Hagan Lane
29,29,61 Eastlawn Road
30,30,6 Randy Plaza
31,31,5711 Rieder Trail
32,32,42692 Laurel Alley
33,33,8 Hintze Crossing
34,34,4 Larry Avenue
35,35,3 Texas Drive
36,36,2 Corscot Hill
37,37,66 Erie Parkway
38,38,710 Bay Hill
39,39,826 Hoepker Avenue
40,40,063 Cherokee Place
41,41,24 Northfield Trail
42,42,6 Caliangt Drive
43,43,56 Fremont Parkway
44,44,8954 Boyd Center
45,45,30484 Barnett Circle
46,46,18101 Tomscot Alley
47,47,66251 Talisman Hill
48,48,64 Rieder Hill
49,49,95867 Meadow Ridge Place
50,50,23 Muir Junction
51,51,43 Sauthoff Hill
52,52,07324 American Court
53,53,3 Amoth Drive
54,54,43455 Warbler Junction
55,55,17 Waxwing Road
56,56,41 Mosinee Park
57,57,020 Burning Wood Crossing
58,58,9 Autumn Leaf Junction
59,59,26146 Cody Hill
60,60,57224 Springs Center
61,61,7 Banding Court
62,62,648 Schmedeman Plaza
63,63,16 Harbort Park
64,64,65996 Ilene Court
65,65,4 Toban Avenue
66,66,90 Vera Parkway
67,67,419 Pierstorff Avenue
68,68,234 Cody Terrace
69,69,58479 Petterle Street
70,70,1697 Larry Place
71,71,98069 Forest Run Way
72,72,793 Sachs Junction
73,73,596 Ridgeway Place
74,74,5415 Chinook Circle
75,75,01377 Johnson Park
76,76,14151 American Ash Point
77,77,8619 Rowland Alley
78,78,787 Fulton Street
79,79,996 Schmedeman Plaza
80,80,6 Melvin Court
81,81,13021 Forest Junction
82,82,575 Corben Point
83,83,417 Fordem Parkway
84,84,73401 Stone Corner Circle
85,85,45 Heffernan Way
86,86,30725 Marquette Trail
87,87,4683 Boyd Road
88,88,6 Beilfuss Plaza
89,89,26 Farwell Lane
90,90,73 Carpenter Way
91,91,639 3rd Park
92,92,676 Troy Road
93,93,77122 La Follette Road
94,94,0 Bonner Terrace
95,95,69581 Arrowood Trail
96,96,301 1st Trail
97,97,297 Redwing Place
98,98,1430 Village Green Alley
99,99,13019 Garrison Terrace
100,100,7306 Toban Circle
