ID,FIRST_NAME,LAST_NAME,USERNAME,PASSWORD
1,Eustace,Ventom,eventom0,gfYofNbuSA
2,Cheston,Kilduff,ckilduff1,rcvIg6RcjT
3,Darb,Barwack,dbarwack2,Scmeup2a0
4,Dyana,Kagan,dkagan3,DZPJArW
5,Audra,Southerden,asoutherden4,UEx5FNUp
6,Herb,Vize,hvize5,Rr3Hxli1
7,Cacilie,Dreghorn,cdreghorn6,FKd8xzk6v
8,Cecil,Dockery,cdockery7,a8dcD9Lsdv
9,Tandie,Curry,tcurry8,slX4XfV
10,Elisabetta,Haxbie,ehaxbie9,pZWpURq3Hy1
11,Cindra,Thomassin,cthomassina,M6ynL6z5E
12,Lothario,Derye-Barrett,lderyebarrettb,aLxhmdjJvcc
13,Bertie,Hugonet,bhugonetc,QaTz0HoQ
14,Katuscha,Cours,kcoursd,NaJiMi0
15,Kathryn,Laister,klaistere,i5z9Jc0N2Kf
16,Bertram,Hamshar,bhamsharf,33b8wrfR9O
17,Prinz,Cutten,pcutteng,RlVkp2EzTJ
18,Othelia,Richemont,orichemonth,G9JUsGqC
19,Judith,MacRannell,jmacrannelli,YgkkWWT
20,Winston,Kubyszek,wkubyszekj,eoZu2Fv0Qra
21,Ardath,Zanni,azannik,D7W4ozW
22,Desmund,Fraczek,dfraczekl,ZIBRJoY
23,Rhoda,Sevior,rseviorm,4ktpYX0E
24,Eve,Edy,eedyn,XeBk4KvO
25,Whitby,Kensit,wkensito,o90hlVsNFCqv
26,Marrissa,Addenbrooke,maddenbrookep,j9NVLJodQdZ
27,Rikki,Beatson,rbeatsonq,kRPHSu06GtS
28,Jules,Gilardoni,jgilardonir,ULfMNWQagkx
29,Riane,Assandri,rassandris,eakLpmtEMD
30,Averil,O'Gready,aogreadyt,P3uiFM
31,Fabien,Rizzo,frizzou,jOhnsa
32,Abbott,Lux,aluxv,swI7MShbvy
33,Malcolm,Couzens,mcouzensw,6gg6mZq66
34,Conway,Pelos,cpelosx,erTGAytbt
35,Royall,Earp,rearpy,960elFpamW0e
36,Marie,Droogan,mdrooganz,I9F1DiU
37,Urbano,Van der Kruijs,uvanderkruijs10,xHqX6sy
38,Byrom,Mytton,bmytton11,ZUkH7siN
39,Phillipe,Gallgher,pgallgher12,L1RBGVhqGFig
40,Jedediah,Stiling,jstiling13,5IlhVfg
41,Truman,Ellins,tellins14,TEf6n5jbwQj1
42,Livy,Scarse,lscarse15,0GqXJM3qqdf
43,Juli,Bushill,jbushill16,zcap3NX4ONI
44,Tommy,Beedham,tbeedham17,xY7csQml5MNr
45,Chelsae,Demann,cdemann18,p7nmYxGnfz
46,Frederik,Viscovi,fviscovi19,dg6j9r
47,Angelina,Waterworth,awaterworth1a,6vb4NW
48,Moshe,Please,mplease1b,eLxZIFKs
49,Daloris,Swatten,dswatten1c,OKpRxt4Jwn5
50,Cart,Reeme,creeme1d,LBNzMJGCWG
51,Hermione,Swinburn,hswinburn1e,w9fynYu
52,Ellary,Wondraschek,ewondraschek1f,l3VshR
53,Alford,Cropp,acropp1g,gyEWnRRc
54,Lea,Mulcock,lmulcock1h,o2PDcb7
55,Trip,Glencross,tglencross1i,ccRRHm0er
56,Hilario,Yon,hyon1j,V1VjfvI0
57,Bobbie,Longworth,blongworth1k,gaBdfHFyXqMJ
58,Kellen,Rabidge,krabidge1l,H2h9Gt2MiP7
59,Baron,McIlvenny,bmcilvenny1m,7H7uo9YHTnV
60,Alphard,Meachen,ameachen1n,6fNCZMrEa7l1
61,Randal,Demogeot,rdemogeot1o,pxwastncWGdC
62,Shelba,Sisson,ssisson1p,IA5ZfZC
63,Willy,MacCrann,wmaccrann1q,xOacMAxaf
64,Monah,Pinchen,mpinchen1r,gJ1FWtiWaC6
65,Gisele,Kenyon,gkenyon1s,D7nMI2Tf
66,Stefano,Casado,scasado1t,OlgOX0S4b
67,Myrtice,Rittmeyer,mrittmeyer1u,wRge1R85z3F
68,Winny,Longland,wlongland1v,Xhkmp7GJPg
69,Rickard,O'Duilleain,roduilleain1w,Ys9dClKwKYOA
70,Klara,Sego,ksego1x,X8YoDIVMct6F
71,Crystal,Gellett,cgellett1y,DYu1l0WchphS
72,Desdemona,Gonthier,dgonthier1z,qKVOSLeBi
73,Iorgos,Gotling,igotling20,c0o5sk
74,Suellen,Silvers,ssilvers21,fKlZEc1Fc
75,Aridatha,Montel,amontel22,Ool5mk
76,Heinrik,Devil,hdevil23,Zi5Pvu7f
77,Terencio,Truman,ttruman24,M33qdTTn1By
78,Guthrey,Kira,gkira25,UGtGp4ok
79,Rivkah,Base,rbase26,ACEngY6
80,Elna,Alcorn,ealcorn27,rcBTgVB
81,Brina,Philp,bphilp28,qtq3L7AaZ
82,Clarisse,Wellan,cwellan29,arP3ap
83,Nerta,Luxton,nluxton2a,eeb55AC
84,Shannen,Bernardeschi,sbernardeschi2b,a8ndlaYH3
85,Lorie,Brawson,lbrawson2c,MUsFyyIdem
86,Gilberte,Ortelt,gortelt2d,FwvfHCyV1
87,Murielle,Kennermann,mkennermann2e,dXjpIk
88,Fred,Simoneschi,fsimoneschi2f,1yqesOL
89,Cathie,Murrell,cmurrell2g,228oNL5LqgC
90,Emelda,O'Sharkey,eosharkey2h,Fihi7L3sz
91,Errick,Rockey,erockey2i,neHFmh94I9x
92,Emylee,O'Lenane,eolenane2j,GwnmB4o1aFU
93,Welch,Boldock,wboldock2k,60eufqFXk9h
94,Frederic,Tiuit,ftiuit2l,ZWzuOjOY
95,Evey,Gibson,egibson2m,CGMTy9E
96,Haydon,MacNab,hmacnab2n,BGv4ZnXt
97,Vilhelmina,Josefer,vjosefer2o,g9w28AFg2
98,Anthony,Astell,aastell2p,OIO4OVANy
99,Teador,Faragher,tfaragher2q,S9cLP9C
100,Corene,Dawks,cdawks2r,v8ye8eF2q8
